avatar,certification,description,fans_count,follows_count,gender,id,level,local,name,person_url,weibos_count
https://tva2.sinaimg.cn/crop.0.0.750.750.180/6ce2a3d1jw8f359ugioszj20ku0kudgh.jpg,åŒ—äº¬æ™®æ€èµ„æœ¬è‘£äº‹é•¿ã€ä¸‡è¾¾é›†å›¢è‘£äº‹,ä¸ºäººä½è°ƒçš„ç½‘çº¢å°ç‹,45602680,340,ç”·,1826792401,43,åŒ—äº¬,ç‹æ€èª,https://m.weibo.cn/u/1826792401?uid=1826792401&luicode=10000011&lfid=1005051826792401,1497
https://tvax1.sinaimg.cn/crop.0.0.996.996.180/63885668ly8fjf57kfmgfj20ro0ro0u7.jpg,å˜‰è¡Œä¼ åª’ç­¾çº¦æ¼”å‘˜ã€€,ä¸€åªå–œæ¬¢é»˜é»˜è¡¨æ¼”çš„å°é€æ˜ã€‚å·¥ä½œè”ç³»helloworkwork@126.comğŸ’,60992080,219,å¥³,1669879400,41,ä¸Šæµ· é™å®‰åŒº,Dear-è¿ªä¸½çƒ­å·´,https://m.weibo.cn/u/1669879400?uid=1669879400&luicode=10000011&lfid=1005051669879400,940
https://tvax4.sinaimg.cn/crop.0.0.1242.1242.180/006pdVLDly8frhldkrcc8j30yi0yitb0.jpg,ç¾é£Ÿè§†é¢‘è‡ªåª’ä½“ å¾®åšç­¾çº¦è‡ªåª’ä½“,é¸¡è‚‰å‘³ï¼Œå˜å˜£è„†ã€‚ å·¥ä½œè”ç³»VXï¼šk222k000ã€‚è¯·è¯´æ˜å…¬å¸/èŒä½/é¡¹ç›®ï¼Œè°¢è°¢ã€‚,6899721,44,å¥³,5869525717,14,å››å· æˆéƒ½,åŠå…¬å®¤å°é‡,https://m.weibo.cn/u/5869525717?uid=5869525717&luicode=10000011&lfid=1005055869525717,375
https://tva4.sinaimg.cn/crop.0.0.512.512.180/473df571jw8eku7gao4irj20e80e8dg7.jpg,æ¼”å‘˜ï¼Œä»£è¡¨ä½œã€Šå®«ã€‹ã€Šä»™å‰‘å¥‡ä¾ ä¼ ä¸‰ã€‹ã€Šæˆ‘æ˜¯è¯äººã€‹ç­‰,è¿™é‡Œæœ‰ä¸€åªç‹ç‹¸ï¼Œå¹¸ç¦ï¼Œæ„Ÿæ©ï¼ŒçŸ¥è¶³ï¼Œçˆ±~ï¼ï¼œ,103068501,604,å¥³,1195242865,47,åŒ—äº¬,æ¨å¹‚,https://m.weibo.cn/u/1195242865?uid=1195242865&luicode=10000011&lfid=1005051195242865,3830
https://tvax3.sinaimg.cn/crop.0.0.1125.1125.180/63ae8f44ly8fv3p3jq6epj20v90v9wgj.jpg,æ–—é±¼TVæ¸¸æˆä¸»æ’­ï¼Œæ­Œæ‰‹,åˆä½œè¯·è”ç³»ï¼š1323128302@qq.com,9141997,429,å¥³,1672384324,46,ä¸Šæµ·,å†¯æè«,https://m.weibo.cn/u/1672384324?uid=1672384324&luicode=10000011&lfid=1005051672384324,1845
https://tvax2.sinaimg.cn/crop.0.0.512.512.180/9baaa411ly8fs3nukcl89j20e80e80tr.jpg,,,107,359,å¥³,2611651601,14,å®‰å¾½ åˆè‚¥,è½å‡¡mao,https://m.weibo.cn/u/2611651601?uid=2611651601&luicode=10000011&lfid=1005052611651601,485
https://tvax2.sinaimg.cn/default/images/default_avatar_female_180.gif,,,1,6,å¥³,6473698521,0,åŒ—äº¬,ç”¨æˆ·6473698521,https://m.weibo.cn/u/6473698521?uid=6473698521&luicode=10000011&lfid=1005056473698521,0
https://tvax1.sinaimg.cn/crop.0.0.132.132.180/007BIf5Kly4fzfjdoe24oj303o03ogle.jpg,,,1,39,ç”·,6970198704,0,å…¶ä»–,ç”¨æˆ·6970198704,https://m.weibo.cn/u/6970198704?uid=6970198704&luicode=10000011&lfid=1005056970198704,0
https://tvax2.sinaimg.cn/crop.0.0.1002.1002.180/8a997aebly8fzfkax46t6j20ru0ru401.jpg,,,0,150,å¥³,2325314283,4,æ²³åŒ— å¼ å®¶å£,ä¸å­ç³,https://m.weibo.cn/u/2325314283?uid=2325314283&luicode=10000011&lfid=1005052325314283,0
https://tvax4.sinaimg.cn/crop.0.0.888.888.180/0061ngrbly8fzej8blh67j30oo0ooq43.jpg,,æœ‰å–œæ¬¢çš„äººäº†,13447,30,å¥³,5517118061,32,åŒ—äº¬,è½©è½©å–å¥¶_,https://m.weibo.cn/u/5517118061?uid=5517118061&luicode=10000011&lfid=1005055517118061,5
https://tvax1.sinaimg.cn/crop.0.0.1002.1002.180/006pZmyVly8fynb7j9j30j30ru0ru0ua.jpg,,æœ‰äº›è¯ï¼Œæƒ³è¯´ç»™ä½ å¬,1,5,ç”·,5880830133,3,å…¶ä»–,å®è´ä¸ä¸§,https://m.weibo.cn/u/5880830133?uid=5880830133&luicode=10000011&lfid=1005055880830133,12
https://tvax2.sinaimg.cn/crop.0.0.179.179.180/006iNPc9ly1fugmch8qcnj3050050t8m.jpg,,Yeezyå…¨ç³»åˆ— è´­é‹WeChatï¼šouyesi666,250,4858,å¥³,5774645909,12,åŒ—äº¬ æœé˜³åŒº,æ½®å“é›†ä¸­è¥297,https://m.weibo.cn/u/5774645909?uid=5774645909&luicode=10000011&lfid=1005055774645909,234
https://tvax2.sinaimg.cn/crop.0.0.512.512.180/006XbOF2ly8fsrblps40jj30e80e8wem.jpg,,æš‘å¤©è¯¥å¾ˆå¥½ ä½ è‹¥å°šåœ¨åœº,150,426,ç”·,6371417168,10,å…¶ä»–,å¹¸ç¦çš„æ¡“å¤æœ,https://m.weibo.cn/u/6371417168?uid=6371417168&luicode=10000011&lfid=1005056371417168,67
https://tvax1.sinaimg.cn/crop.0.0.640.640.180/007jt3m8ly8fv9jfm2wrfj30hs0hsjss.jpg,,çª—å¤–é˜´å¤©äº† éŸ³ä¹ä½å£°äº† æˆ‘çš„å¿ƒå¼€å§‹æƒ³ä½ äº†,136,218,ç”·,6700604624,9,åŒ—äº¬ ä¸œåŸåŒº,çˆ±ä¸Šæˆ‘çœ‹ä½ æœ‰æˆé˜¿,https://m.weibo.cn/u/6700604624?uid=6700604624&luicode=10000011&lfid=1005056700604624,86
https://tva1.sinaimg.cn/crop.0.0.1024.1024.180/006Eu5Ibjw8fbygnlwfubj30sg0sggob.jpg,,å¿§ä¼¤å’Œå¯‚å¯ æ„ŸåŠ¨å’Œå¿«ä¹,127,1870,ç”·,6095022231,15,æ¹–åŒ— é„‚å·,é‡å£å‘³çš„ç¥é²¸çš„ä½ ,https://m.weibo.cn/u/6095022231?uid=6095022231&luicode=10000011&lfid=1005056095022231,117
https://tvax2.sinaimg.cn/crop.14.0.629.629.180/007jnOjZly8fv8o5sn4ifj30i90hhgm5.jpg,,æ— æƒ…çš„åŒ—é£å°†æˆ‘å¹é€,142,359,ç”·,6699355191,10,åŒ—äº¬ ä¸œåŸåŒº,ä¸¾å¤´ä¸‰å°ºæœ‰è‰è“å‘³çš„æ¢¦é›¨,https://m.weibo.cn/u/6699355191?uid=6699355191&luicode=10000011&lfid=1005056699355191,95
https://tvax3.sinaimg.cn/crop.0.0.290.290.180/006zM9Gvly8fjbp0izcfkj30820820sx.jpg,,é£é›¨æ— é˜»ä½ è¦æ›¿æˆ‘ç…§é¡¾å¥½è‡ªå·±.,177,2941,ç”·,6025445727,20,åŒ—äº¬ æ˜Œå¹³åŒº,wmoå¶æ·»,https://m.weibo.cn/u/6025445727?uid=6025445727&luicode=10000011&lfid=1005056025445727,725
https://tvax2.sinaimg.cn/crop.0.0.1006.1006.180/006HeaiHly8fdi234yz4ej30ry0rydig.jpg,,ä¸€è·¯ä¸Šæœ‰ä½  è‹¦ä¸€ç‚¹ä¹Ÿæ„¿æ„,132,1731,ç”·,6135555631,14,æ±Ÿè¥¿ å®œæ˜¥,Melodrmatiqueå°å®…å¥³,https://m.weibo.cn/u/6135555631?uid=6135555631&luicode=10000011&lfid=1005056135555631,110
https://tvax3.sinaimg.cn/crop.0.0.200.200.180/007ldOPkly8fwoszwr84rj305k05k3yj.jpg,,è¿‡ä»½æ€è€ƒ åº¸äººè‡ªæ‰°,144,324,å¥³,6726526526,9,æµ·å¤– ç¾å›½,å¸®åŠ©ä¸€å·ç‘¾,https://m.weibo.cn/u/6726526526?uid=6726526526&luicode=10000011&lfid=1005056726526526,70
https://tvax3.sinaimg.cn/crop.0.0.512.512.180/006Mllsaly8fgz77fe4izj30e80e874l.jpg,,æœ€çˆ±éƒ½ä¼šè¿‡å» éƒ½ä¼šæ•£å»ï¼Œéƒ½ä¼šé€€å» æ—¢ç„¶éš¾å¿˜,147,893,ç”·,6211148478,11,æµ™æ±Ÿ é‡‘å,å¾ä¹ƒé½Šå¤©å¤§è–-å½’æ¥,https://m.weibo.cn/u/6211148478?uid=6211148478&luicode=10000011&lfid=1005056211148478,56
https://tva1.sinaimg.cn/crop.0.0.200.200.180/006zRyfSjw1f7vryky1owj305k05kdfs.jpg,,å¦‚æœä½ æ€•å†·åˆæ€»ç©¿å¾—å•è–„ æˆ‘æ„¿æ„æ¯æ¬¡éƒ½æŠŠå¤–å¥—ç»™ä½ ç„¶åæŠ±ç´§ä½ ,182,1997,ç”·,6026731816,19,å¹¿ä¸œ éŸ¶å…³,æ˜¯å™—ä¸æ˜¯ç’prost,https://m.weibo.cn/u/6026731816?uid=6026731816&luicode=10000011&lfid=1005056026731816,445
https://tva1.sinaimg.cn/crop.0.0.720.720.180/c28906d0jw8eou2novszhj20k00k0mxu.jpg,,è¢å¼€åŸ¹ï¼šç”·ã€å¤§å­¦æœ¬ç§‘ã€çˆ¸å¦ˆåœ¨çº¿æ³¨å†Œã€Šå¿ƒç†å’¨è¯¢å¸ˆã€‹ã€ä¼ä¸šã€Šå‘˜å·¥å¿ƒç†æ´åŠ©ï¼ˆeapï¼‰å’¨è¯¢å¸ˆã€‹ã€ã€Šç¬”è¿¹åˆ†æå¸ˆã€‹ã€‚ç»„ç»‡ä¸å‘˜å·¥æå‡ï¼ˆOEPï¼‰é«˜çº§æŒ‡å¯¼å¸ˆ,65,399,ç”·,3263760080,14,è´µå· é»”å—,è¢å¼€åŸ¹å¿ƒç†å’¨è¯¢å¸ˆoepé«˜çº§æŒ‡å¯¼å¸ˆ,https://m.weibo.cn/u/3263760080?uid=3263760080&luicode=10000011&lfid=1005053263760080,466
https://tva3.sinaimg.cn/crop.0.0.180.180.180/a1213f1fjw8fbgxhlaz66j2050050glj.jpg,,è‡ªåœ¨ï¼Œèˆ’é€‚ï¼Œæ„‰æ‚¦çš„æ‹æ‘„ä½“éªŒï¼Œå‘ç°æœ€çœŸï¼Œæœ€åŠ¨äººçš„è‡ªå·±ã€‚äºŒå¯¹ä¸€è¶…é«˜å“è´¨é¢„çº¦ä¸Šé—¨æœåŠ¡ï¼Œæœç»æ¨¡å¼åŒ–ï¼Œä¸ºæ¯ä¸€ä½å®¢äººé‡èº«æ‰“é€ å“¦~å’¨è¯¢ï¼š13695326661,109,371,å¥³,2703310623,13,å±±ä¸œ é’å²›,é’å²›å°è‰²å·¥ä½œå®¤,https://m.weibo.cn/u/2703310623?uid=2703310623&luicode=10000011&lfid=1005052703310623,247
https://tva2.sinaimg.cn/crop.0.0.749.749.180/006BTIXqjw8f9wyrtiid5j30kt0ktgmx.jpg,,å¯ç”¨ä½ çš„åå­—å’Œæˆ‘å§“æ°ï¼Œæˆå°±è¿™æ•…äº‹,72,1175,å¥³,6056802284,12,ç¦å»º ç¦å·,ç¼ç¼äºŒç¥iä¸€å·,https://m.weibo.cn/u/6056802284?uid=6056802284&luicode=10000011&lfid=1005056056802284,112
https://tvax1.sinaimg.cn/crop.0.0.996.996.180/006L5Dcoly8ffecnni3jjj30ro0ro41j.jpg,,è‡ªæœ‰å¤©åœ° ä½†æ±‚æ—¥å‡º,134,1249,å¥³,6192627108,13,ç¦å»º è†ç”°,å–µå–µç¥è¡Œdeé¢åŒ…,https://m.weibo.cn/u/6192627108?uid=6192627108&luicode=10000011&lfid=1005056192627108,92
https://tvax1.sinaimg.cn/crop.0.0.199.199.180/007pfKwrgy1fwnzcukv3qj305k05kgly.jpg,,,94,2546,å¥³,6786091979,4,ç”˜è‚ƒ,èˆŠäººé›¢ä¸¶atmatm135,https://m.weibo.cn/u/6786091979?uid=6786091979&luicode=10000011&lfid=1005056786091979,2
https://tva2.sinaimg.cn/crop.0.0.180.180.180/006xVd9Ajw1f6l1i6to40j3050050mx3.jpg,,æœ€å¾Œæˆ‘çš„çˆ±æƒ…åœ¨æ•…äº‹é‡Œæ…¢æ…¢é™ˆæ—§,140,1532,ç”·,5998051342,13,é‡åº† åŒæ¡¥åŒº,å°„æ‰‹-å„¿ä¸,https://m.weibo.cn/u/5998051342?uid=5998051342&luicode=10000011&lfid=1005055998051342,105
https://tvax1.sinaimg.cn/crop.0.0.1002.1002.180/006L9JUBly8ffj9urh3agj30ru0ruabg.jpg,,æœ€æ€•å›å¿†çªç„¶ç¿»æ»šç»ç—›ä¸æ¯æ°¸æ— æ­¢å¢ƒ.,103,1357,ç”·,6193606225,12,ç¦å»º,æ‡’æƒ°çš„é™Œä¸Šä¹–ä¹–,https://m.weibo.cn/u/6193606225?uid=6193606225&luicode=10000011&lfid=1005056193606225,94
https://tva2.sinaimg.cn/crop.0.0.996.996.180/006CPUqzjw8fbc83a2ngjj30ro0romy3.jpg,,å¸Œæœ›ä½ æ´»çš„å°½å…´è€Œä¸æ˜¯è¿‡çš„åº†å¹¸.,122,1662,ç”·,6070669399,13,å±±è¥¿ å¿»å·,__ALLLLLå®è´,https://m.weibo.cn/u/6070669399?uid=6070669399&luicode=10000011&lfid=1005056070669399,123
